688360;Jordan;Boone;odio.Aliquam@Suspendisse.edu;Softwaretechnik und Programmierparadigmen, Einführung in die Wirtschaftsinformatik, Organisation und Innovationsmanagement, Einführung in die Programmierung mit Java, Statistik II für Wirtschaftswissenschaften, Bachelorarbeit, Bilanzierung und Kostenrechnung, Technische Grundlagen der Informatik
914242;Kimberley;Osborne;libero.nec@estcongue.edu;Programmierpraktikum, Bilanzierung und Kostenrechnung, Einführung in die Programmierung mit Java, Informationssysteme und Datenanalyse, Marketing und Produktionsmanagement, Organisation und Innovationsmanagement, Operations Research - Grundlagen, Anwendungssysteme, Technische Grundlagen der Informatik
939668;Shelly;Rivers;odio@amet.org;Programmierpraktikum, Statistik II für Wirtschaftswissenschaften, Bilanzierung und Kostenrechnung, Einführung in die Wirtschaftsinformatik, Anwendungssysteme, Softwaretechnik und Programmierparadigmen, Bachelorarbeit, Wirtschaftsprivatrecht, Einführung in die Programmierung mit Java
449636;Denton;Conway;Sed@fringillaestMauris.co.uk;Wirtschaftsprivatrecht, Anwendungssysteme, Theoretische Grundlagen der Informatik, Operations Research - Grundlagen, Einführung in die Programmierung mit Java, Organisation und Innovationsmanagement, Bilanzierung und Kostenrechnung, Informationssysteme und Datenanalyse
646602;Connor;Myers;non.ante.bibendum@acipsum.ca;Geschäftsprozesse, Bachelorarbeit, Organisation und Innovationsmanagement
221696;Molly;Lynn;Donec.consectetuer@Quisquepurussapien.net;Informationssysteme und Datenanalyse, Statistik I für Wirtschaftswissenschaften, Bilanzierung und Kostenrechnung, Bachelorarbeit, Analysis I und Lineare Algebra für Ingenieurwissenschaften, Einführung in die Wirtschaftsinformatik
917460;Alfonso;Melton;eros.turpis@Aliquam.net;
779964;Jason;Andrews;Mauris@lorem.com;
972024;Kato;Oconnor;Quisque@quis.ca;Wirtschaftsprivatrecht, Operations Research - Grundlagen, Organisation und Innovationsmanagement, Investition und Finanzierung, Informationssysteme und Datenanalyse, Einführung in die Programmierung mit Java, Statistik I für Wirtschaftswissenschaften
510139;Zeus;Erickson;urna@tempus.net;Statistik II für Wirtschaftswissenschaften, Statistik I für Wirtschaftswissenschaften
209345;Norman;Mitchell;at.auctor@ante.edu;Einführung in die Programmierung mit Java, Geschäftsprozesse, Anwendungssysteme, Fortgeschrittene Programmierung mit Java, Statistik I für Wirtschaftswissenschaften, Operations Research - Grundlagen, Bachelorarbeit, Analysis I und Lineare Algebra für Ingenieurwissenschaften
136056;Idola;Higgins;nunc.interdum@Cras.ca;Geschäftsprozesse, Theoretische Grundlagen der Informatik, Investition und Finanzierung, Softwaretechnik und Programmierparadigmen
764701;Lael;Bird;tempus.eu.ligula@rutrummagnaCras.edu;Organisation und Innovationsmanagement, Bachelorarbeit, Geschäftsprozesse
952379;Ainsley;Fuller;neque.sed@Crasconvallisconvallis.com;Investition und Finanzierung, Statistik I für Wirtschaftswissenschaften, Softwaretechnik und Programmierparadigmen, Technische Grundlagen der Informatik, Einführung in die Programmierung mit Java, Marketing und Produktionsmanagement, Fortgeschrittene Programmierung mit Java, Operations Research - Grundlagen
278477;Constance;Young;Duis.at@atnisiCum.edu;Einführung in die Programmierung mit Java, Technische Grundlagen der Informatik, Geschäftsprozesse, Anwendungssysteme, Theoretische Grundlagen der Informatik, Bachelorarbeit, Statistik II für Wirtschaftswissenschaften, Bilanzierung und Kostenrechnung, Fortgeschrittene Programmierung mit Java, Wirtschaftsprivatrecht
813117;Daniel;Mendez;auctor.quis@fermentummetus.net;Wirtschaftsprivatrecht, Marketing und Produktionsmanagement, Informationssysteme und Datenanalyse
588413;Jared;Morin;orci.Ut.semper@eleifendvitaeerat.net;Marketing und Produktionsmanagement
265977;Neve;Blackwell;mattis.ornare@sem.org;Softwaretechnik und Programmierparadigmen
198771;Wallace;Smith;Nulla.dignissim.Maecenas@inceptoshymenaeosMauris.ca;
966263;Kaitlin;Peterson;ac@nuncullamcorper.net;Theoretische Grundlagen der Informatik, Einführung in die Wirtschaftsinformatik, Statistik I für Wirtschaftswissenschaften, Bilanzierung und Kostenrechnung, Statistik II für Wirtschaftswissenschaften, Geschäftsprozesse
807397;Herrod;Dunn;ac.orci@Duis.co.uk;Fortgeschrittene Programmierung mit Java, Analysis I und Lineare Algebra für Ingenieurwissenschaften, Bachelorarbeit, Statistik I für Wirtschaftswissenschaften, Organisation und Innovationsmanagement, Investition und Finanzierung
281021;Martha;Burch;eros.non@Integerid.edu;Operations Research - Grundlagen, Einführung in die Programmierung mit Java, Technische Grundlagen der Informatik, Analysis I und Lineare Algebra für Ingenieurwissenschaften, Fortgeschrittene Programmierung mit Java, Bachelorarbeit, Statistik I für Wirtschaftswissenschaften, Organisation und Innovationsmanagement, Programmierpraktikum
636101;Marny;Myers;vitae.aliquam@Loremipsum.edu;Statistik II für Wirtschaftswissenschaften, Softwaretechnik und Programmierparadigmen, Bachelorarbeit, Einführung in die Programmierung mit Java
190273;Reed;Floyd;est.vitae.sodales@ipsum.ca;Investition und Finanzierung, Statistik II für Wirtschaftswissenschaften, Anwendungssysteme, Statistik I für Wirtschaftswissenschaften, Theoretische Grundlagen der Informatik, Geschäftsprozesse, Einführung in die Wirtschaftsinformatik, Marketing und Produktionsmanagement
825900;Phoebe;Savage;tristique@primisinfaucibus.edu;Informationssysteme und Datenanalyse, Marketing und Produktionsmanagement, Geschäftsprozesse, Statistik II für Wirtschaftswissenschaften, Operations Research - Grundlagen, Softwaretechnik und Programmierparadigmen, Programmierpraktikum
528980;Heidi;Faulkner;Fusce.mi.lorem@ridiculus.co.uk;Geschäftsprozesse, Softwaretechnik und Programmierparadigmen, Investition und Finanzierung, Analysis I und Lineare Algebra für Ingenieurwissenschaften, Technische Grundlagen der Informatik, Operations Research - Grundlagen, Marketing und Produktionsmanagement
614364;Haley;Fisher;Nulla.semper@acarcu.com;Einführung in die Wirtschaftsinformatik, Statistik II für Wirtschaftswissenschaften, Investition und Finanzierung
225222;Amos;Sullivan;tellus@tinciduntorciquis.org;Informationssysteme und Datenanalyse, Einführung in die Wirtschaftsinformatik, Organisation und Innovationsmanagement, Statistik I für Wirtschaftswissenschaften, Marketing und Produktionsmanagement
783338;Natalie;Fuller;convallis.dolor@consectetuermauris.net;Operations Research - Grundlagen, Investition und Finanzierung, Marketing und Produktionsmanagement, Organisation und Innovationsmanagement, Einführung in die Wirtschaftsinformatik, Bachelorarbeit
530098;Candice;Chen;commodo.ipsum.Suspendisse@nonmassa.co.uk;Statistik I für Wirtschaftswissenschaften, Anwendungssysteme, Marketing und Produktionsmanagement, Informationssysteme und Datenanalyse, Operations Research - Grundlagen
574095;Upton;Dunlap;amet.lorem.semper@neque.net;Geschäftsprozesse, Operations Research - Grundlagen, Bilanzierung und Kostenrechnung, Investition und Finanzierung, Informationssysteme und Datenanalyse
619327;Yolanda;Petty;Nunc@purussapien.com;Operations Research - Grundlagen
209651;Jada;Wilkerson;Nunc.mauris@bibendumsedest.net;Theoretische Grundlagen der Informatik, Einführung in die Wirtschaftsinformatik, Technische Grundlagen der Informatik, Geschäftsprozesse, Marketing und Produktionsmanagement, Operations Research - Grundlagen, Investition und Finanzierung
840145;Meredith;Rose;mattis.semper@mauris.net;Marketing und Produktionsmanagement, Informationssysteme und Datenanalyse
813226;Kermit;Cantrell;nec@vestibulummassa.net;Wirtschaftsprivatrecht, Informationssysteme und Datenanalyse, Operations Research - Grundlagen
652824;Donna;Austin;ante@Incondimentum.edu;Analysis I und Lineare Algebra für Ingenieurwissenschaften, Theoretische Grundlagen der Informatik, Fortgeschrittene Programmierung mit Java, Einführung in die Wirtschaftsinformatik
981489;Daria;Rosario;Nulla.dignissim.Maecenas@commodo.org;
330990;Ariana;Porter;Donec@nisiMaurisnulla.net;Statistik I für Wirtschaftswissenschaften, Bachelorarbeit
602598;Sophia;Chen;erat.Vivamus.nisi@amagna.net;Einführung in die Programmierung mit Java, Operations Research - Grundlagen, Anwendungssysteme, Theoretische Grundlagen der Informatik, Informationssysteme und Datenanalyse, Wirtschaftsprivatrecht, Analysis I und Lineare Algebra für Ingenieurwissenschaften, Marketing und Produktionsmanagement
665014;Rudyard;Parrish;dolor.tempus.non@dictumeueleifend.edu;Geschäftsprozesse, Fortgeschrittene Programmierung mit Java, Programmierpraktikum, Technische Grundlagen der Informatik, Einführung in die Wirtschaftsinformatik
774652;Jaden;Franco;ante@enim.edu;Anwendungssysteme
464618;Richard;Lynch;luctus@etmalesuadafames.org;Bachelorarbeit
594171;Bevis;Stokes;enim.commodo.hendrerit@magnisdisparturient.com;Statistik II für Wirtschaftswissenschaften, Organisation und Innovationsmanagement, Bilanzierung und Kostenrechnung, Marketing und Produktionsmanagement, Einführung in die Wirtschaftsinformatik, Einführung in die Programmierung mit Java, Softwaretechnik und Programmierparadigmen
943270;Paloma;Gilbert;ante@cursus.net;
632175;Xenos;Moreno;convallis.ante.lectus@purus.ca;Bachelorarbeit, Programmierpraktikum, Einführung in die Programmierung mit Java, Marketing und Produktionsmanagement, Geschäftsprozesse, Statistik II für Wirtschaftswissenschaften, Organisation und Innovationsmanagement, Informationssysteme und Datenanalyse, Analysis I und Lineare Algebra für Ingenieurwissenschaften, Operations Research - Grundlagen
401144;Raymond;Ingram;nisi.magna@eu.net;Technische Grundlagen der Informatik
456292;Xaviera;Hurley;id@acorci.edu;Wirtschaftsprivatrecht, Statistik I für Wirtschaftswissenschaften, Investition und Finanzierung, Theoretische Grundlagen der Informatik, Fortgeschrittene Programmierung mit Java, Einführung in die Wirtschaftsinformatik, Programmierpraktikum
675755;Colton;Kirby;fringilla.est.Mauris@amagna.co.uk;
918182;Donovan;Kane;egestas.Aliquam@metusInlorem.com;Softwaretechnik und Programmierparadigmen, Statistik I für Wirtschaftswissenschaften, Einführung in die Programmierung mit Java, Technische Grundlagen der Informatik, Analysis I und Lineare Algebra für Ingenieurwissenschaften, Bilanzierung und Kostenrechnung, Programmierpraktikum, Fortgeschrittene Programmierung mit Java, Einführung in die Wirtschaftsinformatik
264003;Kyla;Wise;massa.Integer.vitae@risusDuis.ca;Fortgeschrittene Programmierung mit Java, Statistik II für Wirtschaftswissenschaften, Theoretische Grundlagen der Informatik, Investition und Finanzierung, Bilanzierung und Kostenrechnung, Softwaretechnik und Programmierparadigmen, Wirtschaftsprivatrecht, Einführung in die Wirtschaftsinformatik, Analysis I und Lineare Algebra für Ingenieurwissenschaften
334840;Brielle;Hyde;rutrum.eu.ultrices@facilisisnonbibendum.net;
713238;Shelly;Ramos;semper.pretium@urnaNuncquis.edu;Bilanzierung und Kostenrechnung, Einführung in die Programmierung mit Java, Einführung in die Wirtschaftsinformatik, Operations Research - Grundlagen
758221;Cadman;Torres;est.Nunc.ullamcorper@gravidasitamet.co.uk;Wirtschaftsprivatrecht, Investition und Finanzierung, Fortgeschrittene Programmierung mit Java, Bachelorarbeit, Organisation und Innovationsmanagement, Einführung in die Programmierung mit Java, Informationssysteme und Datenanalyse, Technische Grundlagen der Informatik
405358;Mari;Hines;magna@dui.com;Investition und Finanzierung, Wirtschaftsprivatrecht
217010;Zachary;Acevedo;sem@eratsemper.net;Einführung in die Programmierung mit Java, Operations Research - Grundlagen, Organisation und Innovationsmanagement, Statistik I für Wirtschaftswissenschaften, Einführung in die Wirtschaftsinformatik, Fortgeschrittene Programmierung mit Java
449761;Kirby;Wade;sodales.purus.in@etrutrum.edu;Einführung in die Wirtschaftsinformatik, Einführung in die Programmierung mit Java
741846;Tanner;Morgan;nulla@sodalespurusin.edu;Geschäftsprozesse, Programmierpraktikum, Informationssysteme und Datenanalyse
436229;Lara Patel;Aliquam.nec@Suspendisse.org;Statistik I für Wirtschaftswissenschaften, Anwendungssysteme, Investition und Finanzierung
262402;Kylie;Tran;erat.nonummy@suscipitnonummyFusce.org;Einführung in die Programmierung mit Java, Informationssysteme und Datenanalyse, Fortgeschrittene Programmierung mit Java, Einführung in die Wirtschaftsinformatik, Theoretische Grundlagen der Informatik
706193;India;Finch;vel.quam@id.co.uk;Informationssysteme und Datenanalyse, Anwendungssysteme, Marketing und Produktionsmanagement, Investition und Finanzierung, Organisation und Innovationsmanagement, Theoretische Grundlagen der Informatik
606024;Macaulay;Whitfield;mattis.velit.justo@ac.ca;Einführung in die Programmierung mit Java, Bilanzierung und Kostenrechnung, Bachelorarbeit, Operations Research - Grundlagen, Theoretische Grundlagen der Informatik, Geschäftsprozesse, Anwendungssysteme, Einführung in die Wirtschaftsinformatik, Wirtschaftsprivatrecht, Programmierpraktikum
589O77;Quin;Russell;Vivamus.rhoncus@commodo.net;Marketing und Produktionsmanagement, Programmierpraktikum, Informationssysteme und Datenanalyse
635062;Hall;Rowe;malesuada@cursus.ca;
961257;Ferdinand;Ellison;Fusce.diam@sem.edu;Bachelorarbeit, Programmierpraktikum, Operations Research - Grundlagen, Organisation und Innovationsmanagement, Theoretische Grundlagen der Informatik, Softwaretechnik und Programmierparadigmen
559210;Macy;Morrison;elementum@natoque.net;Statistik I für Wirtschaftswissenschaften, Softwaretechnik und Programmierparadigmen, Einführung in die Programmierung mit Java, Informationssysteme und Datenanalyse
326989;Wesley;Love;orci.lobortis.augue@rutrumjustoPraesent.org;Programmierpraktikum
118918;Carla;Cardenas;conubia@ascelerisquesed.ca;Softwaretechnik und Programmierparadigmen, Organisation und Innovationsmanagement, Bachelorarbeit, Marketing und Produktionsmanagement, Bilanzierung und Kostenrechnung
377846;Fuller;Becker;mattis.semper@elit.net;Softwaretechnik und Programmierparadigmen, Theoretische Grundlagen der Informatik, Einführung in die Wirtschaftsinformatik, Wirtschaftsprivatrecht, Bachelorarbeit, Fortgeschrittene Programmierung mit Java, Einführung in die Programmierung mit Java
127201;Demetrius;Brown;ridiculus.mus.Proin@vestibulumMauris.edu;Marketing und Produktionsmanagement, Organisation und Innovationsmanagement, Informationssysteme und Datenanalyse, Softwaretechnik und Programmierparadigmen, Technische Grundlagen der Informatik, Statistik II für Wirtschaftswissenschaften
963799;Chester;Mcknight;tincidunt.vehicula.risus@mollisIntegertincidunt.ca;Bachelorarbeit, Fortgeschrittene Programmierung mit Java, Statistik I für Wirtschaftswissenschaften, Bilanzierung und Kostenrechnung, Operations Research - Grundlagen
323007;Oscar;Barton;ornare@tellus.org;Statistik I für Wirtschaftswissenschaften, Anwendungssysteme, Wirtschaftsprivatrecht, Technische Grundlagen der Informatik, Analysis I und Lineare Algebra für Ingenieurwissenschaften, Investition und Finanzierung, Theoretische Grundlagen der Informatik
961744;Fleur;Bowen;molestie.orci.tincidunt@etnuncQuisque.org;Programmierpraktikum, Marketing und Produktionsmanagement, Softwaretechnik und Programmierparadigmen
509749;Doris;Ellison;Nullam.nisl.Maecenas@vellectusCum.org;Bilanzierung und Kostenrechnung
244928;Martina;Ramirez;dignissim.tempor@milaciniamattis.co.uk;Informationssysteme und Datenanalyse, Bachelorarbeit, Softwaretechnik und Programmierparadigmen, Anwendungssysteme, Statistik I für Wirtschaftswissenschaften, Operations Research - Grundlagen
116603;Neve;Sykes;mus.Aenean.eget@neceleifendnon.edu;Informationssysteme und Datenanalyse, Softwaretechnik und Programmierparadigmen, Organisation und Innovationsmanagement, Bilanzierung und Kostenrechnung, Bachelorarbeit
813026;Donna;Roth;rutrum.urna@acfermentumvel.net;Bilanzierung und Kostenrechnung, Operations Research - Grundlagen, Theoretische Grundlagen der Informatik
227901;Rose;Hudson;fames@vitaeeratVivamus.com;
447676;Sade;Kidd;Donec@semmollisdui.com;Investition und Finanzierung, Marketing und Produktionsmanagement, Einführung in die Wirtschaftsinformatik, Fortgeschrittene Programmierung mit Java, Statistik II für Wirtschaftswissenschaften, Geschäftsprozesse, Programmierpraktikum, Organisation und Innovationsmanagement, Bilanzierung und Kostenrechnung
92347;Aiko;Vinson;eget.ipsum.Suspendisse@aliquamadipiscinglacus.edu;Organisation und Innovationsmanagement, Investition und Finanzierung, Theoretische Grundlagen der Informatik, Technische Grundlagen der Informatik, Programmierpraktikum, Bilanzierung und Kostenrechnung, Marketing und Produktionsmanagement
374553;Rebecca;Calhoun;In.condimentum@eteuismodet.net;Statistik I für Wirtschaftswissenschaften, Analysis I und Lineare Algebra für Ingenieurwissenschaften, Fortgeschrittene Programmierung mit Java, Bilanzierung und Kostenrechnung, Technische Grundlagen der Informatik, Programmierpraktikum, Organisation und Innovationsmanagement
330628;Damon;Swanson;Sed.id.risus@dignissimlacus.net;
299976;Quinn;Martinez;luctus.felis.purus@lobortis.com;Marketing und Produktionsmanagement, Organisation und Innovationsmanagement, Einführung in die Programmierung mit Java, Informationssysteme und Datenanalyse, Bilanzierung und Kostenrechnung, Programmierpraktikum, Softwaretechnik und Programmierparadigmen, Geschäftsprozesse
446275;Delilah;Ortega;Cras.interdum@sem.net;Geschäftsprozesse, Statistik II für Wirtschaftswissenschaften, Analysis I und Lineare Algebra für Ingenieurwissenschaften, Operations Research - Grundlagen, Investition und Finanzierung, Programmierpraktikum, Bachelorarbeit, Einführung in die Wirtschaftsinformatik, Theoretische Grundlagen der Informatik
399301;Melissa;Gaines;Donec@accumsaninterdumlibero.ca;Einführung in die Wirtschaftsinformatik
346507;Yoshi;Mcmillan;felis.Nulla.tempor@sapien.ca;Fortgeschrittene Programmierung mit Java, Investition und Finanzierung
300887;Rylee;Chavez;sed.pede.nec<AT>metusIn.co.uk;Geschäftsprozesse, Bachelorarbeit, Einführung in die Wirtschaftsinformatik, Programmierpraktikum, Softwaretechnik und Programmierparadigmen, Organisation und Innovationsmanagement
262582;Kylan;Middleton;amet.diam@arcuAliquam.net;Organisation und Innovationsmanagement, Einführung in die Programmierung mit Java, Informationssysteme und Datenanalyse, Anwendungssysteme, Softwaretechnik und Programmierparadigmen
796149;Chaney;Sherman;arcu@lacusAliquamrutrum.com;Softwaretechnik und Programmierparadigmen, Statistik II für Wirtschaftswissenschaften, Einführung in die Programmierung mit Java, Bachelorarbeit, Analysis I und Lineare Algebra für Ingenieurwissenschaften, Marketing und Produktionsmanagement, Einführung in die Wirtschaftsinformatik
306040;Keith;Luna;nec@vel.co.uk;Bilanzierung und Kostenrechnung, Informationssysteme und Datenanalyse, Statistik II für Wirtschaftswissenschaften, Marketing und Produktionsmanagement, Investition und Finanzierung
2788E3;Roanna;Meadows;libero.Proin@disparturient.org;Geschäftsprozesse, Bachelorarbeit, Theoretische Grundlagen der Informatik, Softwaretechnik und Programmierparadigmen, Anwendungssysteme, Informationssysteme und Datenanalyse, Bilanzierung und Kostenrechnung
497591;Amber;Velasquez;odio.tristique@natoquepenatibus.com;
260279;Howard;Goff;penatibus.et.magnis@magnisdis.edu;Informationssysteme und Datenanalyse, Softwaretechnik und Programmierparadigmen, Fortgeschrittene Programmierung mit Java, Einführung in die Wirtschaftsinformatik, Bachelorarbeit, Operations Research - Grundlagen, Programmierpraktikum
765253;Cleo;Albert;metus.facilisis@Duisvolutpat.edu;Einführung in die Wirtschaftsinformatik, Softwaretechnik und Programmierparadigmen, Anwendungssysteme, Investition und Finanzierung, Informationssysteme und Datenanalyse, Statistik I für Wirtschaftswissenschaften, Technische Grundlagen der Informatik, Operations Research - Grundlagen, Einführung in die Programmierung mit Java
629890;Jayme;Harrison;elit.sed.consequat@sedleo.ca;Operations Research - Grundlagen, Theoretische Grundlagen der Informatik, Organisation und Innovationsmanagement, Einführung in die Programmierung mit Java, Geschäftsprozesse, Analysis I und Lineare Algebra für Ingenieurwissenschaften
956164;Indira;Barr;taciti.sociosqu.ad@molestiepharetranibh.edu;
476855;Cyrus;Bridges;placerat.Cras.dictum@orcilacusvestibulum.net;Investition und Finanzierung
561603;Anika;Page;turpis.non@malesuadaInteger.co.uk;Softwaretechnik und Programmierparadigmen, Programmierpraktikum, Informationssysteme und Datenanalyse, Analysis I und Lineare Algebra für Ingenieurwissenschaften, Bilanzierung und Kostenrechnung, Theoretische Grundlagen der Informatik, Statistik II für Wirtschaftswissenschaften, Organisation und Innovationsmanagement, Anwendungssysteme, Einführung in die Wirtschaftsinformatik
487884;Belle;Lopez;Cum.sociis.natoque@sit.com;Programmierpraktikum, Analysis I und Lineare Algebra für Ingenieurwissenschaften, Technische Grundlagen der Informatik, Einführung in die Wirtschaftsinformatik, Einführung in die Programmierung mit Java, Operations Research - Grundlagen
370478;Caleb;Tucker;mauris.eu@Curabiturconsequat.edu;Operations Research - Grundlagen, Anwendungssysteme, Marketing und Produktionsmanagement, Einführung in die Programmierung mit Java, Einführung in die Wirtschaftsinformatik, Organisation und Innovationsmanagement, Softwaretechnik und Programmierparadigmen, Informationssysteme und Datenanalyse, Bachelorarbeit
249597;Flynn;Meadows;ante.Nunc.mauris@accumsan.net;Marketing und Produktionsmanagement, Operations Research - Grundlagen, Softwaretechnik und Programmierparadigmen, Informationssysteme und Datenanalyse, Bachelorarbeit